{
  "u5mr": {
    "0-10%|All years": {
      "edu_r2": 0.5197436392512077,
      "resid_r2": 0.023131324155174937,
      "resid_p": 0.5382864519945828,
      "n": 116,
      "countries": 31
    },
    "0-10%|Before 2000": {
      "edu_r2": 0.22935800412042484,
      "resid_r2": 0.04010379256917407,
      "resid_p": 0.13132846395612696,
      "n": 61,
      "countries": 23
    },
    "0-10%|After 2000": {
      "edu_r2": 0.657833801874353,
      "resid_r2": 0.007400955604126458,
      "resid_p": 0.7088473230779827,
      "n": 45,
      "countries": 14
    },
    "10-20%|All years": {
      "edu_r2": 0.4372682446139252,
      "resid_r2": 0.09403012270932765,
      "resid_p": 0.13171558218424445,
      "n": 118,
      "countries": 44
    },
    "10-20%|Before 2000": {
      "edu_r2": 0.4003802798083246,
      "resid_r2": 0.005188867323358437,
      "resid_p": 0.5423893898502183,
      "n": 49,
      "countries": 22
    },
    "10-20%|After 2000": {
      "edu_r2": 0.4515369695098046,
      "resid_r2": 0.1262317782188035,
      "resid_p": 0.08295932310268886,
      "n": 58,
      "countries": 22
    },
    "20-30%|All years": {
      "edu_r2": 0.3325641101698149,
      "resid_r2": 0.07316187836055332,
      "resid_p": 0.19918748217358795,
      "n": 80,
      "countries": 35
    },
    "20-30%|Before 2000": {
      "edu_r2": 0.4309345997547994,
      "resid_r2": 0.016823962281963145,
      "resid_p": 0.6038764681795981,
      "n": 21,
      "countries": 10
    },
    "20-30%|After 2000": {
      "edu_r2": 0.4100932067015345,
      "resid_r2": 0.05183767793165828,
      "resid_p": 0.1995639618381959,
      "n": 50,
      "countries": 22
    },
    "30-50%|All years": {
      "edu_r2": 0.2560046952088789,
      "resid_r2": 0.1111751518799583,
      "resid_p": 0.06985748246686482,
      "n": 146,
      "countries": 51
    },
    "30-50%|Before 2000": {
      "edu_r2": 0.5054501752916832,
      "resid_r2": 0.026883519646346388,
      "resid_p": 0.5934232654363033,
      "n": 30,
      "countries": 14
    },
    "30-50%|After 2000": {
      "edu_r2": 0.23971002542909536,
      "resid_r2": 0.0885753220402018,
      "resid_p": 0.07845160883705178,
      "n": 102,
      "countries": 38
    },
    "0-20%|All years": {
      "edu_r2": 0.40290131732218837,
      "resid_r2": 0.0820333523633725,
      "resid_p": 0.04842440171033185,
      "n": 250,
      "countries": 58
    },
    "0-20%|Before 2000": {
      "edu_r2": 0.21883338742949832,
      "resid_r2": 0.003341228010341979,
      "resid_p": 0.6931301352437689,
      "n": 128,
      "countries": 47
    },
    "0-20%|After 2000": {
      "edu_r2": 0.4171711104069753,
      "resid_r2": 0.05292869519212395,
      "resid_p": 0.13350425982126374,
      "n": 111,
      "countries": 33
    },
    "0-30%|All years": {
      "edu_r2": 0.35395082990661364,
      "resid_r2": 0.06385145108385937,
      "resid_p": 0.0324765876691912,
      "n": 355,
      "countries": 74
    },
    "0-30%|Before 2000": {
      "edu_r2": 0.256254778139304,
      "resid_r2": 0.0001501284039290285,
      "resid_p": 0.9185718853747306,
      "n": 168,
      "countries": 59
    },
    "0-30%|After 2000": {
      "edu_r2": 0.2902321647731755,
      "resid_r2": 0.012705218153244546,
      "resid_p": 0.2848396611888221,
      "n": 172,
      "countries": 50
    },
    "0-50%|All years": {
      "edu_r2": 0.3078816635905798,
      "resid_r2": 0.06320563882432073,
      "resid_p": 0.011223922255551261,
      "n": 514,
      "countries": 93
    },
    "0-50%|Before 2000": {
      "edu_r2": 0.24738343691152298,
      "resid_r2": 0.00015778869667670836,
      "resid_p": 0.9107688988948377,
      "n": 213,
      "countries": 73
    },
    "0-50%|After 2000": {
      "edu_r2": 0.23302318397085142,
      "resid_r2": 0.02298457920928465,
      "resid_p": 0.08787135281662614,
      "n": 283,
      "countries": 78
    }
  },
  "u1mr": {
    "0-10%|All years": {
      "edu_r2": 0.6044026543374643,
      "resid_r2": 0.007847116889488581,
      "resid_p": 0.7022574798918831,
      "n": 116,
      "countries": 31
    },
    "0-10%|Before 2000": {
      "edu_r2": 0.4286576813040005,
      "resid_r2": 0.02759454963082908,
      "resid_p": 0.2585391390079629,
      "n": 61,
      "countries": 23
    },
    "0-10%|After 2000": {
      "edu_r2": 0.6341377899399421,
      "resid_r2": 0.018672220523935135,
      "resid_p": 0.5487956869424266,
      "n": 45,
      "countries": 14
    },
    "10-20%|All years": {
      "edu_r2": 0.5370462141337908,
      "resid_r2": 0.05453911875018502,
      "resid_p": 0.24786473445622226,
      "n": 118,
      "countries": 44
    },
    "10-20%|Before 2000": {
      "edu_r2": 0.46401019056434845,
      "resid_r2": 0.008097406613972402,
      "resid_p": 0.46569149778296715,
      "n": 49,
      "countries": 22
    },
    "10-20%|After 2000": {
      "edu_r2": 0.5187129762631019,
      "resid_r2": 0.11342346336837061,
      "resid_p": 0.12813173764191013,
      "n": 58,
      "countries": 22
    },
    "20-30%|All years": {
      "edu_r2": 0.4331602086288928,
      "resid_r2": 0.039545609563801265,
      "resid_p": 0.32683171376256526,
      "n": 80,
      "countries": 35
    },
    "20-30%|Before 2000": {
      "edu_r2": 0.5815397597376177,
      "resid_r2": 0.011613601991067313,
      "resid_p": 0.7000043011917736,
      "n": 21,
      "countries": 10
    },
    "20-30%|After 2000": {
      "edu_r2": 0.46060433887582,
      "resid_r2": 0.035301682115575383,
      "resid_p": 0.26828958947201775,
      "n": 50,
      "countries": 22
    },
    "30-50%|All years": {
      "edu_r2": 0.35943128655099377,
      "resid_r2": 0.08128065905881698,
      "resid_p": 0.11375642516250335,
      "n": 146,
      "countries": 51
    },
    "30-50%|Before 2000": {
      "edu_r2": 0.5704717421431529,
      "resid_r2": 0.005525261678830717,
      "resid_p": 0.8117470433071567,
      "n": 30,
      "countries": 14
    },
    "30-50%|After 2000": {
      "edu_r2": 0.2973614467668242,
      "resid_r2": 0.07368833930108631,
      "resid_p": 0.09869567011068721,
      "n": 102,
      "countries": 38
    },
    "0-20%|All years": {
      "edu_r2": 0.5180089731313441,
      "resid_r2": 0.04361522484050495,
      "resid_p": 0.1341652423810833,
      "n": 250,
      "countries": 58
    },
    "0-20%|Before 2000": {
      "edu_r2": 0.3564259102054159,
      "resid_r2": 0.00011688089692407644,
      "resid_p": 0.943020978463406,
      "n": 128,
      "countries": 47
    },
    "0-20%|After 2000": {
      "edu_r2": 0.46047036192823554,
      "resid_r2": 0.032980669435114685,
      "resid_p": 0.2664077066999666,
      "n": 111,
      "countries": 33
    },
    "0-30%|All years": {
      "edu_r2": 0.491282932528302,
      "resid_r2": 0.03441822038394804,
      "resid_p": 0.1129971170097597,
      "n": 355,
      "countries": 74
    },
    "0-30%|Before 2000": {
      "edu_r2": 0.40745598223636903,
      "resid_r2": 0.002442961332489113,
      "resid_p": 0.686438815305058,
      "n": 168,
      "countries": 59
    },
    "0-30%|After 2000": {
      "edu_r2": 0.401670997850493,
      "resid_r2": 0.007495954675604488,
      "resid_p": 0.4643123918432487,
      "n": 172,
      "countries": 50
    },
    "0-50%|All years": {
      "edu_r2": 0.41605259899591396,
      "resid_r2": 0.04028899220355264,
      "resid_p": 0.05768037335224937,
      "n": 514,
      "countries": 93
    },
    "0-50%|Before 2000": {
      "edu_r2": 0.39003969348791656,
      "resid_r2": 0.002987497375579684,
      "resid_p": 0.6234557086646613,
      "n": 213,
      "countries": 73
    },
    "0-50%|After 2000": {
      "edu_r2": 0.2855263996652959,
      "resid_r2": 0.02338668586267334,
      "resid_p": 0.1113843886651191,
      "n": 283,
      "countries": 78
    }
  },
  "script": "scripts/robustness/u5mr_by_edu_level.py",
  "produced": "2026-04-13"
}