{
  "u5mr": {
    "0-10%|All years": {
      "edu_r2": 0.5074727917307549,
      "resid_r2": 0.022272513298023267,
      "resid_p": 0.5440687796922887,
      "n": 120,
      "countries": 32
    },
    "0-10%|Before 2000": {
      "edu_r2": 0.23925039211846966,
      "resid_r2": 0.03890995300410338,
      "resid_p": 0.12730157913492782,
      "n": 64,
      "countries": 24
    },
    "0-10%|After 2000": {
      "edu_r2": 0.657833801874353,
      "resid_r2": 0.007400955604126458,
      "resid_p": 0.7088473230779828,
      "n": 45,
      "countries": 14
    },
    "10-20%|All years": {
      "edu_r2": 0.4632844891753881,
      "resid_r2": 0.08434490178117748,
      "resid_p": 0.12931738890356773,
      "n": 133,
      "countries": 50
    },
    "10-20%|Before 2000": {
      "edu_r2": 0.43119275098810406,
      "resid_r2": 0.005717549728592064,
      "resid_p": 0.47338837843931103,
      "n": 55,
      "countries": 25
    },
    "10-20%|After 2000": {
      "edu_r2": 0.49037294147612487,
      "resid_r2": 0.11221012679130937,
      "resid_p": 0.07833254690063482,
      "n": 67,
      "countries": 25
    },
    "20-30%|All years": {
      "edu_r2": 0.3246235351520086,
      "resid_r2": 0.06327212920633729,
      "resid_p": 0.21583647329517375,
      "n": 88,
      "countries": 39
    },
    "20-30%|Before 2000": {
      "edu_r2": 0.4309345997547994,
      "resid_r2": 0.016823962281963145,
      "resid_p": 0.6038764681795981,
      "n": 21,
      "countries": 10
    },
    "20-30%|After 2000": {
      "edu_r2": 0.4100932067015345,
      "resid_r2": 0.05183767793165828,
      "resid_p": 0.19956396183819602,
      "n": 50,
      "countries": 22
    },
    "30-50%|All years": {
      "edu_r2": 0.2715530036097691,
      "resid_r2": 0.07713851701231345,
      "resid_p": 0.11421371123911517,
      "n": 167,
      "countries": 59
    },
    "30-50%|Before 2000": {
      "edu_r2": 0.5015539184881331,
      "resid_r2": 0.020149450724883056,
      "resid_p": 0.6178820351151297,
      "n": 34,
      "countries": 16
    },
    "30-50%|After 2000": {
      "edu_r2": 0.27123231828850924,
      "resid_r2": 0.04894204445065231,
      "resid_p": 0.18525972418058612,
      "n": 119,
      "countries": 44
    },
    "0-20%|All years": {
      "edu_r2": 0.40480101544058966,
      "resid_r2": 0.06867353752043548,
      "resid_p": 0.059888913353402094,
      "n": 272,
      "countries": 65
    },
    "0-20%|Before 2000": {
      "edu_r2": 0.2422981085062036,
      "resid_r2": 0.0033882724456196778,
      "resid_p": 0.6818072129524052,
      "n": 139,
      "countries": 52
    },
    "0-20%|After 2000": {
      "edu_r2": 0.416087706937051,
      "resid_r2": 0.0393148422725218,
      "resid_p": 0.17037179581108042,
      "n": 121,
      "countries": 36
    },
    "0-30%|All years": {
      "edu_r2": 0.3601784030370211,
      "resid_r2": 0.057577213565866314,
      "resid_p": 0.03249073604720447,
      "n": 390,
      "countries": 83
    },
    "0-30%|Before 2000": {
      "edu_r2": 0.3000392854381888,
      "resid_r2": 0.00019589927327512413,
      "resid_p": 0.9012502762750741,
      "n": 183,
      "countries": 64
    },
    "0-30%|After 2000": {
      "edu_r2": 0.3041252615352238,
      "resid_r2": 0.011287724138090649,
      "resid_p": 0.29514354324913383,
      "n": 185,
      "countries": 54
    },
    "0-50%|All years": {
      "edu_r2": 0.32021209211249047,
      "resid_r2": 0.05316627366238291,
      "resid_p": 0.013614172640956592,
      "n": 571,
      "countries": 105
    },
    "0-50%|Before 2000": {
      "edu_r2": 0.2739434437447247,
      "resid_r2": 1.3429241850770879e-06,
      "resid_p": 0.9909710103095641,
      "n": 233,
      "countries": 80
    },
    "0-50%|After 2000": {
      "edu_r2": 0.24518133724144053,
      "resid_r2": 0.018948726798376114,
      "resid_p": 0.09723288874858095,
      "n": 318,
      "countries": 88
    }
  },
  "u1mr": {
    "0-10%|All years": {
      "edu_r2": 0.5905215560988314,
      "resid_r2": 0.007401341150620744,
      "resid_p": 0.7090253398572834,
      "n": 120,
      "countries": 32
    },
    "0-10%|Before 2000": {
      "edu_r2": 0.4373017419671634,
      "resid_r2": 0.025406801401964607,
      "resid_p": 0.26505001426717867,
      "n": 64,
      "countries": 24
    },
    "0-10%|After 2000": {
      "edu_r2": 0.6341377899399419,
      "resid_r2": 0.018672220523935135,
      "resid_p": 0.5487956869424269,
      "n": 45,
      "countries": 14
    },
    "10-20%|All years": {
      "edu_r2": 0.5580812961027213,
      "resid_r2": 0.0457511155265099,
      "resid_p": 0.2599165293386506,
      "n": 133,
      "countries": 50
    },
    "10-20%|Before 2000": {
      "edu_r2": 0.49125575670008226,
      "resid_r2": 0.008485972441376055,
      "resid_p": 0.4057282685171525,
      "n": 55,
      "countries": 25
    },
    "10-20%|After 2000": {
      "edu_r2": 0.5564388266477325,
      "resid_r2": 0.09227633912537714,
      "resid_p": 0.140991581012537,
      "n": 67,
      "countries": 25
    },
    "20-30%|All years": {
      "edu_r2": 0.43209814806188374,
      "resid_r2": 0.03146100037314015,
      "resid_p": 0.36159915977144874,
      "n": 88,
      "countries": 39
    },
    "20-30%|Before 2000": {
      "edu_r2": 0.5815397597376177,
      "resid_r2": 0.011613601991067313,
      "resid_p": 0.7000043011917736,
      "n": 21,
      "countries": 10
    },
    "20-30%|After 2000": {
      "edu_r2": 0.46060433887582,
      "resid_r2": 0.035301682115575383,
      "resid_p": 0.26828958947201775,
      "n": 50,
      "countries": 22
    },
    "30-50%|All years": {
      "edu_r2": 0.37474836020543356,
      "resid_r2": 0.07013592531358193,
      "resid_p": 0.12256772224049063,
      "n": 165,
      "countries": 58
    },
    "30-50%|Before 2000": {
      "edu_r2": 0.5698207242590163,
      "resid_r2": 0.002483588790965663,
      "resid_p": 0.8638806374571166,
      "n": 32,
      "countries": 15
    },
    "30-50%|After 2000": {
      "edu_r2": 0.3315326795374891,
      "resid_r2": 0.05831676112662554,
      "resid_p": 0.128960006216934,
      "n": 119,
      "countries": 44
    },
    "0-20%|All years": {
      "edu_r2": 0.5162884691010046,
      "resid_r2": 0.03353820933530349,
      "resid_p": 0.17022947906506936,
      "n": 272,
      "countries": 65
    },
    "0-20%|Before 2000": {
      "edu_r2": 0.3810768878472325,
      "resid_r2": 9.422663095381978e-05,
      "resid_p": 0.9467236719690882,
      "n": 139,
      "countries": 52
    },
    "0-20%|After 2000": {
      "edu_r2": 0.4578191515004324,
      "resid_r2": 0.021735603454402286,
      "resid_p": 0.33961616463181055,
      "n": 121,
      "countries": 36
    },
    "0-30%|All years": {
      "edu_r2": 0.4957031211333549,
      "resid_r2": 0.029139914757088548,
      "resid_p": 0.1229725645701767,
      "n": 390,
      "countries": 83
    },
    "0-30%|Before 2000": {
      "edu_r2": 0.44912186478837235,
      "resid_r2": 0.001916252392860196,
      "resid_p": 0.702436216648291,
      "n": 183,
      "countries": 64
    },
    "0-30%|After 2000": {
      "edu_r2": 0.41219096785869014,
      "resid_r2": 0.005734541740095911,
      "resid_p": 0.5041396208585093,
      "n": 185,
      "countries": 54
    },
    "0-50%|All years": {
      "edu_r2": 0.4299420168768935,
      "resid_r2": 0.03304421576722927,
      "resid_p": 0.06679239295900002,
      "n": 569,
      "countries": 104
    },
    "0-50%|Before 2000": {
      "edu_r2": 0.4130099429850239,
      "resid_r2": 0.004016892267163841,
      "resid_p": 0.5312947176720015,
      "n": 231,
      "countries": 79
    },
    "0-50%|After 2000": {
      "edu_r2": 0.2979382864978928,
      "resid_r2": 0.02101123720736764,
      "resid_p": 0.10572604100290925,
      "n": 318,
      "countries": 88
    }
  },
  "script": "scripts/robustness/u5mr_by_edu_level.py",
  "produced": "2026-04-20"
}